Date,Open,High,Low,Close,Adj Close,Volume
2021-01-01,0.0007660000119358301,0.0008650000090710819,0.0007440000190399587,0.0008149999775923789,0.0008149999775923789,14313893
2021-01-02,0.0008149999775923789,0.001075000036507845,0.0007740000146441162,0.0010209999745711684,0.0010209999745711684,42157698
2021-01-03,0.0010219999821856618,0.001221999991685152,0.0009389999904669821,0.0009580000187270343,0.0009580000187270343,58875236
2021-01-04,0.0009679999784566462,0.001006999984383583,0.0008769999840296805,0.0009399999980814755,0.0009399999980814755,30476568
2021-01-05,0.0009399999980814755,0.0009689999860711396,0.0009069999796338379,0.0009309999877586961,0.0009309999877586961,18232629
2021-01-06,0.0009309999877586961,0.001003999961540103,0.0009110000100918114,0.0009740000241436064,0.0009740000241436064,16406457
2021-01-07,0.0009740000241436064,0.0010420000180602074,0.0009629999985918403,0.000994000001810491,0.000994000001810491,18994435
2021-01-08,0.0009950000094249845,0.001104000024497509,0.0009459999855607748,0.0010349999647587538,0.0010349999647587538,22639238
2021-01-09,0.0010339999571442604,0.001339999958872795,0.0010319999419152737,0.0012600000482052565,0.0012600000482052565,57113689
2021-01-10,0.0012600000482052565,0.0014070000033825636,0.0011259999591857195,0.0012450000504031777,0.0012450000504031777,34014922
2021-01-11,0.0012450000504031777,0.0012469999492168427,0.000999000039882958,0.00113800005055964,0.00113800005055964,25470342
2021-01-12,0.0011390000581741333,0.0018680000212043524,0.0010450000409036875,0.001062000053934753,0.001062000053934753,17692015
2021-01-13,0.001062000053934753,0.0011080000549554825,0.0009309999877586961,0.0010339999571442604,0.0010339999571442604,45043413
2021-01-14,0.0010339999571442604,0.0010499999625608325,0.0009469999931752682,0.0009830000344663858,0.0009830000344663858,28478968
2021-01-15,0.0009830000344663858,0.0009869999485090375,0.0008449999731965363,0.0008859999943524599,0.0008859999943524599,24058179
2021-01-16,0.0008859999943524599,0.0009730000165291131,0.0008769999840296805,0.0009139999747276306,0.0009139999747276306,17722773
2021-01-17,0.0009139999747276306,0.0009330000029876828,0.0008650000090710819,0.0009050000226125121,0.0009050000226125121,16438507
2021-01-18,0.0009050000226125121,0.0009260000078938901,0.0008839999791234732,0.0009219999774359167,0.0009219999774359167,12094392
2021-01-19,0.00092299998505041,0.0009410000056959689,0.0008980000275187194,0.000901999999769032,0.000901999999769032,12532557
2021-01-20,0.000901999999769032,0.000910000002477318,0.0008399999933317304,0.0008970000199042261,0.0008970000199042261,13801816
2021-01-21,0.0008960000122897327,0.0008960000122897327,0.000770999991800636,0.0007730000070296228,0.0007730000070296228,12772169
2021-01-22,0.0007730000070296228,0.0008529999759048223,0.0007409999961964786,0.0008319999906234443,0.0008319999906234443,13743214
2021-01-23,0.000830999983008951,0.0009009999921545386,0.0008169999928213656,0.0008789999992586672,0.0008789999992586672,15577897
2021-01-24,0.0008800000068731606,0.0009110000100918114,0.0008459999808110297,0.0008820000221021473,0.0008820000221021473,13330010
2021-01-25,0.0008829999715089798,0.000893999997060746,0.0008440000237897038,0.0008459999808110297,0.0008459999808110297,11012459
2021-01-26,0.0008479999960400164,0.0008619999862276018,0.0008210000232793391,0.0008490000036545098,0.0008490000036545098,10491191
2021-01-27,0.0008490000036545098,0.0008539999835193157,0.0007800000021234155,0.0008009999874047935,0.0008009999874047935,10610869
2021-01-28,0.0008009999874047935,0.0010239999974146485,0.0007900000200606883,0.0009539999882690609,0.0009539999882690609,53405986
2021-01-29,0.0009260000078938901,0.0012799999676644802,0.0009009999921545386,0.0010270000202581286,0.0010270000202581286,82875251
2021-01-30,0.001028000027872622,0.0011350000277161598,0.000965000013820827,0.0009869999485090375,0.0009869999485090375,42848486
2021-01-31,0.0009869999485090375,0.0010019999463111162,0.0009469999931752682,0.0009640000062063336,0.0009640000062063336,19689097
2021-02-01,0.0009629999985918403,0.0009879999561235309,0.0009399999980814755,0.0009730000165291131,0.0009730000165291131,14615706
2021-02-02,0.0009710000013001263,0.0010649999603629112,0.0009500000160187483,0.00101200002245605,0.00101200002245605,28854460
2021-02-03,0.00101200002245605,0.0010590000310912728,0.000999000039882958,0.0010300000431016088,0.0010300000431016088,33695179
2021-02-04,0.0010300000431016088,0.0010420000180602074,0.000990999978967011,0.0010019999463111162,0.0010019999463111162,22577656
2021-02-05,0.0010019999463111162,0.0010600000387057662,0.0010010000551119447,0.0010499999625608325,0.0010499999625608325,27110548
2021-02-06,0.0010499999625608325,0.001053999993018806,0.0010089999996125698,0.0010130000300705433,0.0010130000300705433,23629863
2021-02-07,0.0010130000300705433,0.0010460000485181808,0.0008709999965503812,0.0010229999898001552,0.0010229999898001552,25672359
2021-02-08,0.0010229999898001552,0.001639000023715198,0.0010019999463111162,0.0014100000262260437,0.0014100000262260437,174505654
2021-02-09,0.0014100000262260437,0.001896000001579523,0.0013429999817162752,0.0015170000260695815,0.0015170000260695815,169912083
2021-02-10,0.0015150000108405948,0.0015979999443516135,0.001323999953456223,0.0014230000087991357,0.0014230000087991357,60550751
2021-02-11,0.0014250000240281224,0.0017640000442042947,0.0013909999979659915,0.0016329999780282378,0.0016329999780282378,95273736
2021-02-12,0.0016319999704137444,0.0019330000504851341,0.001563000027090311,0.0017800000496208668,0.0017800000496208668,97842909
2021-02-13,0.0017790000420063734,0.00184299994725734,0.001664999988861382,0.0017659999430179596,0.0017659999430179596,61801420
2021-02-14,0.0017640000442042947,0.0017839999636635184,0.0015940000303089619,0.001630999962799251,0.001630999962799251,44218946
2021-02-15,0.001630999962799251,0.0017579999985173345,0.0014449999434873462,0.0016270000487565994,0.0016270000487565994,50106230
2021-02-16,0.0016280000563710928,0.0017209999496117234,0.0015810000477358699,0.001636000000871718,0.001636000000871718,43010638
2021-02-17,0.001636000000871718,0.0019630000460892916,0.0015820000553503633,0.0019570000004023314,0.0019570000004023314,107126574
2021-02-18,0.001955999992787838,0.001955999992787838,0.0018060000147670507,0.0018909999635070562,0.0018909999635070562,67570709
2021-02-19,0.0018889999482780695,0.002572000026702881,0.0018609999679028988,0.0023330000694841146,0.0023330000694841146,157021780
2021-02-20,0.0023320000618696213,0.003275000024586916,0.002217999892309308,0.0028860000893473625,0.0028860000893473625,281297097
2021-02-21,0.0028800000436604023,0.005166999995708466,0.0027030000928789377,0.004466999787837267,0.004466999787837267,669783192
2021-02-22,0.004526999779045582,0.00467800023034215,0.0032840000931173563,0.004329000134021044,0.004329000134021044,383435178
2021-02-23,0.004329000134021044,0.004329000134021044,0.0028119999915361404,0.003731000004336238,0.003731000004336238,267827268
2021-02-24,0.0037400000728666782,0.004490000195801258,0.003601999953389168,0.003936000168323517,0.003936000168323517,191426819
2021-02-25,0.00394000019878149,0.004129000008106232,0.003731000004336238,0.0037589999847114086,0.0037589999847114086,140440296
2021-02-26,0.0037609999999403954,0.0038030000869184732,0.003367000026628375,0.0035620001144707203,0.0035620001144707203,123731423
2021-02-27,0.00356299988925457,0.003727999981492758,0.003283000085502863,0.003379999892786145,0.003379999892786145,96040655
2021-02-28,0.003379999892786145,0.0033829999156296253,0.0028299998957663774,0.0031030001118779182,0.0031030001118779182,114485303
2021-03-01,0.0031059999018907547,0.003745000110939145,0.0031059999018907547,0.0035570000763982534,0.0035570000763982534,129559313
2021-03-02,0.0035550000611692667,0.0035880000796169043,0.0032450000289827585,0.0033859999384731054,0.0033859999384731054,75905655
2021-03-03,0.003386999946087599,0.0036059999838471413,0.003326999954879284,0.0034209999721497297,0.0034209999721497297,85747773
2021-03-04,0.0034199999645352364,0.0034630000591278076,0.003046999918296933,0.003137999912723899,0.003137999912723899,87691637
2021-03-05,0.0031369999051094055,0.004178999923169613,0.002988999942317605,0.0038300000596791506,0.0038300000596791506,288369285
2021-03-06,0.003831000067293644,0.004098000004887581,0.0036830001045018435,0.0037879999727010727,0.0037879999727010727,176310603
2021-03-07,0.0037849999498575926,0.004000000189989805,0.0037249999586492777,0.0038509999867528677,0.0038509999867528677,119543643
2021-03-08,0.0038469999562948942,0.003926000092178583,0.0036770000588148832,0.003797000041231513,0.003797000041231513,114648207
2021-03-09,0.0037960000336170197,0.004261000081896782,0.0037189999129623175,0.003969000186771154,0.003969000186771154,163261867
2021-03-10,0.003971999976783991,0.0042050001211464405,0.0037899999879300594,0.00392899988219142,0.00392899988219142,160460566
2021-03-11,0.00392899988219142,0.004064999986439943,0.0037799999117851257,0.003932000137865543,0.003932000137865543,111066542
2021-03-12,0.003932999912649393,0.003992000129073858,0.0034910000395029783,0.0036410000175237656,0.0036410000175237656,123184286
2021-03-13,0.003640000009909272,0.006659000180661678,0.0035439999774098396,0.005770999938249588,0.005770999938249588,865778948
2021-03-14,0.005743000190705061,0.010444999672472477,0.005489000119268894,0.009145000018179417,0.009145000018179417,1869135817
2021-03-15,0.00914200022816658,0.01192300021648407,0.008643999695777893,0.008967000059783459,0.008967000059783459,1565185456
2021-03-16,0.008967000059783459,0.009831000119447708,0.007236000150442123,0.008491000160574913,0.008491000160574913,823371674
2021-03-17,0.008497999981045723,0.01032199990004301,0.008143999613821507,0.008942999877035618,0.008942999877035618,712706605
2021-03-18,0.008940000087022781,0.009453999809920788,0.008595000021159649,0.008971000090241432,0.008971000090241432,345198699
2021-03-19,0.008969999849796295,0.01089600007981062,0.00885200034826994,0.010304000228643417,0.010304000228643417,774020584
2021-03-20,0.010297000408172607,0.011346000246703625,0.009793000295758247,0.009793000295758247,0.009793000295758247,567457306
2021-03-21,0.009796000085771084,0.010466000065207481,0.00944599974900484,0.009868999943137169,0.009868999943137169,407961794
2021-03-22,0.009868999943137169,0.010177000425755978,0.00901699997484684,0.00939599983394146,0.00939599983394146,311673623
2021-03-23,0.009366000071167946,0.01075700018554926,0.008677000179886818,0.009736999869346619,0.009736999869346619,385084478
2021-03-24,0.009680000133812428,0.010483999736607075,0.009033000096678734,0.009277000091969967,0.009277000091969967,382506931
2021-03-25,0.009255999699234962,0.010595000348985195,0.008623000234365463,0.009862000122666359,0.009862000122666359,448619561
2021-03-26,0.009851000271737576,0.014034000225365162,0.009704000316560268,0.013012000359594822,0.013012000359594822,1158617810
2021-03-27,0.013012999668717384,0.014301000162959099,0.012221000157296658,0.012575999833643436,0.012575999833643436,1056969467
2021-03-28,0.012563000433146954,0.013261999934911728,0.012265999801456928,0.012791999615728855,0.012791999615728855,454875315
2021-03-29,0.012782000005245209,0.016682999208569527,0.012652000412344933,0.016148999333381653,0.016148999333381653,1298249228
2021-03-30,0.016163000836968422,0.025273000821471214,0.015646999701857567,0.02289400063455105,0.02289400063455105,3046560841
2021-03-31,0.022802000865340233,0.024310000240802765,0.019693000242114067,0.021126000210642815,0.021126000210642815,1459121942
2021-04-01,0.02109299972653389,0.023012999445199966,0.020896999165415764,0.021994000300765038,0.021994000300765038,854123694
2021-04-02,0.021990999579429626,0.030605999752879143,0.0216669999063015,0.030215000733733177,0.030215000733733177,2375102002
2021-04-03,0.03033200092613697,0.035333000123500824,0.027775999158620834,0.029454000294208527,0.029454000294208527,2557679240
2021-04-04,0.029332000762224197,0.03760199993848801,0.028742000460624695,0.03524700179696083,0.03524700179696083,2626734764
2021-04-05,0.03482399880886078,0.039496999233961105,0.03259199857711792,0.035659998655319214,0.035659998655319214,2177807615
2021-04-06,0.035773999989032745,0.03587799891829491,0.02413400076329708,0.02862199954688549,0.02862199954688549,2018866102
2021-04-07,0.02868499979376793,0.02992900088429451,0.024313999339938164,0.02582399919629097,0.02582399919629097,1456605046
2021-04-08,0.025877999141812325,0.031144000589847565,0.02573000080883503,0.029153000563383102,0.029153000563383102,1047726658
2021-04-09,0.02910899929702282,0.029589999467134476,0.025925999507308006,0.026298999786376953,0.026298999786376953,640819797
2021-04-10,0.026233000680804253,0.02715199999511242,0.022324999794363976,0.024021999910473824,0.024021999910473824,1163378628
2021-04-11,0.02399200014770031,0.02822900004684925,0.021661000326275826,0.024799000471830368,0.024799000471830368,1460508118
2021-04-12,0.02479800023138523,0.02752400003373623,0.02349199913442135,0.02369000017642975,0.02369000017642975,802853193
2021-04-13,0.02362300083041191,0.024841999635100365,0.022975999861955643,0.023492999374866486,0.023492999374866486,652990780
2021-04-14,0.023479999974370003,0.0238220002502203,0.02078000083565712,0.0220979992300272,0.0220979992300272,669745789
2021-04-15,0.0220320001244545,0.026714999228715897,0.021568000316619873,0.02338699996471405,0.02338699996471405,1146309185
2021-04-16,0.023334000259637833,0.025631999596953392,0.021382000297307968,0.02385699935257435,0.02385699935257435,1072078830
2021-04-17,0.02386000007390976,0.027000999078154564,0.023538999259471893,0.023677000775933266,0.023677000775933266,1060751851
2021-04-18,0.02383900061249733,0.024058999493718147,0.017400000244379044,0.021376000717282295,0.021376000717282295,682914148
2021-04-19,0.021364999935030937,0.023114999756217003,0.019492000341415405,0.019847000017762184,0.019847000017762184,528096512
2021-04-20,0.019757000729441643,0.022443000227212906,0.01733499951660633,0.020325999706983566,0.020325999706983566,705568438
2021-04-21,0.02025499939918518,0.02149200066924095,0.018432000651955605,0.01876099966466427,0.01876099966466427,397235653
2021-04-22,0.01865600049495697,0.019267000257968903,0.014523999765515327,0.01593099907040596,0.01593099907040596,507625042
2021-04-23,0.01588200032711029,0.01716100051999092,0.011253999546170235,0.015769999474287033,0.015769999474287033,989323255
2021-04-24,0.015960000455379486,0.019013000652194023,0.014690999872982502,0.01500799972563982,0.01500799972563982,814907698
2021-04-25,0.015070999972522259,0.01638600043952465,0.013233000412583351,0.014592000283300877,0.014592000283300877,410109363
2021-04-26,0.014670000411570072,0.01781800016760826,0.01449500024318695,0.01743300072848797,0.01743300072848797,697291107
2021-04-27,0.01740499958395958,0.021789999678730965,0.016777999699115753,0.020416999235749245,0.020416999235749245,1133399345
2021-04-28,0.020444000139832497,0.021477999165654182,0.017768999561667442,0.019509000703692436,0.019509000703692436,769603615
2021-04-29,0.01951500028371811,0.02014699950814247,0.018285000696778297,0.018888000398874283,0.018888000398874283,418633109
2021-04-30,0.018882999196648598,0.019936999306082726,0.018518000841140747,0.019773000851273537,0.019773000851273537,431329648
2021-05-01,0.01975400000810623,0.02083900012075901,0.019401000812649727,0.01990099996328354,0.01990099996328354,513043431
2021-05-02,0.019898999482393265,0.019999999552965164,0.018394000828266144,0.019091999158263206,0.019091999158263206,372504513
2021-05-03,0.01907300017774105,0.01995600014925003,0.01818699948489666,0.01879899948835373,0.01879899948835373,463185139
2021-05-04,0.018775999546051025,0.018789000809192657,0.01623700000345707,0.016675999388098717,0.016675999388098717,628108477
2021-05-05,0.01664000004529953,0.019867999479174614,0.01647000014781952,0.01811699941754341,0.01811699941754341,729022092
2021-05-06,0.018118999898433685,0.01911900006234646,0.01745999976992607,0.018233999609947205,0.018233999609947205,619023887
2021-05-07,0.018231000751256943,0.02035599946975708,0.017753999680280685,0.018502000719308853,0.018502000719308853,914959994
2021-05-08,0.018494000658392906,0.019411999732255936,0.01775999926030636,0.01790899969637394,0.01790899969637394,415365878
2021-05-09,0.01793299987912178,0.018069999292492867,0.016774000599980354,0.017461000010371208,0.017461000010371208,352781545
2021-05-10,0.01747100055217743,0.018029000610113144,0.013709000311791897,0.015320000238716602,0.015320000238716602,460593487
2021-05-11,0.015302999876439571,0.016295000910758972,0.014759000390768051,0.015773000195622444,0.015773000195622444,362476064
2021-05-12,0.01576099917292595,0.016380999237298965,0.012989000417292118,0.012989000417292118,0.012989000417292118,328347229
2021-05-13,0.01281800027936697,0.01439599972218275,0.012210000306367874,0.013701999559998512,0.013701999559998512,418980903
2021-05-14,0.01368200033903122,0.015004999935626984,0.013484999537467957,0.014347000047564507,0.014347000047564507,348844124
2021-05-15,0.014340000227093697,0.014460000209510326,0.012969999574124813,0.01309600006788969,0.01309600006788969,267479555
2021-05-16,0.013093000277876854,0.015623999759554863,0.01297099981456995,0.014147000387310982,0.014147000387310982,543942200
2021-05-17,0.014090999960899353,0.014510000124573708,0.012911000289022923,0.013260999694466591,0.013260999694466591,347240870
2021-05-18,0.013274000026285648,0.013935999944806099,0.013039999641478062,0.013294000178575516,0.013294000178575516,197396620
2021-05-19,0.013322999700903893,0.013542000204324722,0.006072999909520149,0.008810999803245068,0.008810999803245068,360276860
2021-05-20,0.00875299982726574,0.011656999588012695,0.007828000001609325,0.010362000204622746,0.010362000204622746,282082655
2021-05-21,0.010292000137269497,0.010881000198423862,0.007801000028848648,0.009184000082314014,0.009184000082314014,232108127
2021-05-22,0.009217999875545502,0.009348999708890915,0.008274000138044357,0.0085249999538064,0.0085249999538064,161697194
2021-05-23,0.008538000285625458,0.008841999806463718,0.006051999982446432,0.007331000175327063,0.007331000175327063,195886817
2021-05-24,0.007292000111192465,0.009279999881982803,0.0071470001712441444,0.009196000173687935,0.009196000173687935,212595723
2021-05-25,0.009266999550163746,0.01235399954020977,0.00874400045722723,0.011180000379681587,0.011180000379681587,520884129
2021-05-26,0.011270999908447266,0.013962999917566776,0.01105900015681982,0.0130390003323555,0.0130390003323555,559769951
2021-05-27,0.013050000183284283,0.013050000183284283,0.011312000453472137,0.011489000171422958,0.011489000171422958,271421843
2021-05-28,0.011528000235557556,0.012058000080287457,0.009704000316560268,0.01014500018209219,0.01014500018209219,280668736
2021-05-29,0.01013300009071827,0.010852999985218048,0.009145000018179417,0.009877000004053116,0.009877000004053116,213047600
2021-05-30,0.009875999763607979,0.010742000304162502,0.009393000043928623,0.010444000363349915,0.010444000363349915,195864680
2021-05-31,0.010437999852001667,0.011099999770522118,0.010108999907970428,0.010865000076591969,0.010865000076591969,208104506
2021-06-01,0.010870000347495079,0.011024000123143196,0.010174999944865704,0.01030499953776598,0.01030499953776598,187296049
2021-06-02,0.010323000140488148,0.010875999927520752,0.010196000337600708,0.010545000433921814,0.010545000433921814,199855113
2021-06-03,0.010545000433921814,0.011789999902248383,0.010445999912917614,0.011208999902009964,0.011208999902009964,313170739
2021-06-04,0.011234999634325504,0.011234999634325504,0.009743000380694866,0.010351000353693962,0.010351000353693962,233683513
2021-06-05,0.010352999903261662,0.011021999642252922,0.009770000353455544,0.010099999606609344,0.010099999606609344,197864301
2021-06-06,0.010103000327944756,0.010456999763846397,0.01001999992877245,0.010364999994635582,0.010364999994635582,133619203
2021-06-07,0.010350000113248825,0.010572999715805054,0.009324000217020512,0.009403999894857407,0.009403999894857407,155126355
2021-06-08,0.009422999806702137,0.009949999861419201,0.008488999679684639,0.009668000042438507,0.009668000042438507,195872383
2021-06-09,0.009637000039219856,0.010107999667525291,0.009181000292301178,0.009978000074625015,0.009978000074625015,176465067
2021-06-10,0.009979000315070152,0.010052000172436237,0.009383000433444977,0.009491000324487686,0.009491000324487686,134706165
2021-06-11,0.009499999694526196,0.009758000262081623,0.0089910002425313,0.00913699995726347,0.00913699995726347,120361024
2021-06-12,0.009150000289082527,0.00927099958062172,0.008693999610841274,0.008949000388383865,0.008949000388383865,99516533
2021-06-13,0.008950999937951565,0.010487999767065048,0.008856999687850475,0.010002999566495419,0.010002999566495419,178695909
2021-06-14,0.009972999803721905,0.01050500012934208,0.00966699980199337,0.010417000390589237,0.010417000390589237,193733400
2021-06-15,0.01001800037920475,0.010338000021874905,0.009732999838888645,0.010057000443339348,0.010057000443339348,166156320
2021-06-16,0.009836000390350819,0.009882000274956226,0.009343000128865242,0.0095229996368289,0.0095229996368289,132575311
2021-06-17,0.0095229996368289,0.009820000268518925,0.009312000125646591,0.009487999603152275,0.009487999603152275,113226485
2021-06-18,0.009503000415861607,0.009503000415861607,0.008621999993920326,0.00897200033068657,0.00897200033068657,111485244
2021-06-19,0.008985999971628189,0.009138000197708607,0.008715000003576279,0.00878399983048439,0.00878399983048439,124024326
2021-06-20,0.008762000128626823,0.009487000294029713,0.00827999971807003,0.009247000329196453,0.009247000329196453,155916100
2021-06-21,0.00926200021058321,0.009286999702453613,0.0073079997673630714,0.0073979999870061874,0.0073979999870061874,149905611
2021-06-22,0.007385000120848417,0.007852000184357166,0.005967999808490276,0.006697999779134989,0.006697999779134989,189218317
2021-06-23,0.0067159999161958694,0.007602999918162823,0.006430999841541052,0.007253000047057867,0.007253000047057867,151701109
2021-06-24,0.007304999977350235,0.0076350001618266106,0.007000000216066837,0.007515000179409981,0.007515000179409981,103225468
2021-06-25,0.0075079998932778835,0.007706999778747559,0.006676000077277422,0.006858000066131353,0.006858000066131353,107037393
2021-06-26,0.00684700021520257,0.007065000012516975,0.006537000183016062,0.006936000194400549,0.006936000194400549,82988827
2021-06-27,0.006949000060558319,0.007282999809831381,0.0068270000629127026,0.007261000107973814,0.007261000107973814,95754238
2021-06-28,0.007271000184118748,0.0074640000239014626,0.007172999903559685,0.007337000221014023,0.007337000221014023,88299184
2021-06-29,0.007340000011026859,0.00814600009471178,0.007321000099182129,0.007710999809205532,0.007710999809205532,130579237
2021-06-30,0.007741999812424183,0.007845999673008919,0.007141000125557184,0.00760400015860796,0.00760400015860796,124403957
2021-07-01,0.007590000052005053,0.0076299998909235,0.007164000067859888,0.007327000144869089,0.007327000144869089,103893272
2021-07-02,0.007317999843508005,0.007412999868392944,0.0070940000005066395,0.00725799985229969,0.00725799985229969,79645567
2021-07-03,0.0072570000775158405,0.0075170001946389675,0.007232999894768,0.007468999829143286,0.007468999829143286,87737180
2021-07-04,0.0074629997834563255,0.007809000089764595,0.007319000083953142,0.007612000219523907,0.007612000219523907,91563678
2021-07-05,0.007608999963849783,0.007608999963849783,0.007228999864310026,0.007379000075161457,0.007379000075161457,92861783
2021-07-06,0.007369999773800373,0.0076430002227425575,0.007400999777019024,0.007515000179409981,0.007515000179409981,103012544
2021-07-07,0.0075170001946389675,0.0077390000224113464,0.007449999917298555,0.007480999920517206,0.007480999920517206,96750275
2021-07-08,0.007493999786674976,0.0075159999541938305,0.0071229999884963036,0.007207999937236309,0.007207999937236309,94074882
2021-07-09,0.007197000086307526,0.007325000129640102,0.00687299994751811,0.007224000059068203,0.007224000059068203,90399756
2021-07-10,0.007226999849081039,0.0073540001176297665,0.006953000091016293,0.007077000103890896,0.007077000103890896,70569112
2021-07-11,0.007083999924361706,0.007282999809831381,0.007013999857008457,0.007184999994933605,0.007184999994933605,65044495
2021-07-12,0.007180000189691782,0.007273999974131584,0.006881999783217907,0.007023999933153391,0.007023999933153391,69968476
2021-07-13,0.007015000097453594,0.0070580001920461655,0.006725000217556953,0.00684100016951561,0.00684100016951561,74438806
2021-07-14,0.00684100016951561,0.006936999969184399,0.006401000078767538,0.006868999917060137,0.006868999917060137,85615506
2021-07-15,0.006868000142276287,0.006974999792873859,0.00648800004273653,0.006570000201463699,0.006570000201463699,75997358
2021-07-16,0.00658900011330843,0.006781000178307295,0.006320000160485506,0.00634300010278821,0.00634300010278821,73394433
2021-07-17,0.00633700005710125,0.006988000124692917,0.006266999989748001,0.006519999820739031,0.006519999820739031,95744768
2021-07-18,0.006517999805510044,0.006678000092506409,0.006384999956935644,0.006465999875217676,0.006465999875217676,73854729
2021-07-19,0.006459999829530716,0.00648299977183342,0.006064999848604202,0.006101000122725964,0.006101000122725964,63182230
2021-07-20,0.006118999794125557,0.006196000147610903,0.005572000052779913,0.005659999791532755,0.005659999791532755,80637777
2021-07-21,0.005650999955832958,0.006202999968081713,0.005497999954968691,0.0059980000369250774,0.0059980000369250774,84748108
2021-07-22,0.0060189999639987946,0.006244999822229147,0.005905999802052975,0.006155999843031168,0.006155999843031168,73016340
2021-07-23,0.006155000068247318,0.006519000045955181,0.005987000185996294,0.006486999802291393,0.006486999802291393,77224294
2021-07-24,0.006471000146120787,0.006819999776780605,0.006328000221401453,0.006541999988257885,0.006541999988257885,96310061
2021-07-25,0.0065449997782707214,0.006699000019580126,0.00634399987757206,0.006699000019580126,0.006699000019580126,81304243
2021-07-26,0.006713000126183033,0.008337999694049358,0.0066639999859035015,0.007457999978214502,0.007457999978214502,241000001
2021-07-27,0.007449000142514706,0.008204000070691109,0.007027999963611364,0.007941000163555145,0.007941000163555145,192477070
2021-07-28,0.007949000224471092,0.008082999847829342,0.0076419999822974205,0.0077669997699558735,0.0077669997699558735,151331564
2021-07-29,0.0077840001322329044,0.007953999564051628,0.007633000146597624,0.007765999995172024,0.007765999995172024,117285030
2021-07-30,0.0077760000713169575,0.007956000044941902,0.007416999898850918,0.007946000434458256,0.007946000434458256,114951258
2021-07-31,0.007945000194013119,0.008024999871850014,0.007770999800413847,0.00787500012665987,0.00787500012665987,101692958
2021-08-01,0.007879000157117844,0.008306000381708145,0.007660999894142151,0.007796999998390675,0.007796999998390675,118582230
2021-08-02,0.007780999876558781,0.007974999956786633,0.007718999870121479,0.007796000223606825,0.007796000223606825,84973795
2021-08-03,0.007794999983161688,0.007868999615311623,0.007540999911725521,0.007672000210732222,0.007672000210732222,97774807
2021-08-04,0.007693000137805939,0.008035000413656235,0.007619000039994717,0.008000999689102173,0.008000999689102173,116875355
2021-08-05,0.0079969996586442,0.008244999684393406,0.007770000025629997,0.008151999674737453,0.008151999674737453,123806029
2021-08-06,0.008162000216543674,0.010583000257611275,0.00800700020045042,0.009843000210821629,0.009843000210821629,447307039
2021-08-07,0.009854000061750412,0.010373000055551529,0.00927400030195713,0.009813000448048115,0.009813000448048115,276722489
2021-08-08,0.009847000241279602,0.011215999722480774,0.00953499972820282,0.010254999622702599,0.010254999622702599,379554332
2021-08-09,0.010257000103592873,0.010962000116705894,0.009975000284612179,0.010764000006020069,0.010764000006020069,257912567
2021-08-10,0.010746000334620476,0.012330000288784504,0.010631999932229519,0.01222699973732233,0.01222699973732233,377172611
2021-08-11,0.012238999828696251,0.015312000177800655,0.011951000429689884,0.014340999536216259,0.014340999536216259,766637925
2021-08-12,0.014402000233530998,0.01495600026100874,0.012860000133514404,0.013736999593675137,0.013736999593675137,533676838
2021-08-13,0.013748000375926495,0.015595000237226486,0.013737999834120274,0.015219000168144703,0.015219000168144703,466365452
2021-08-14,0.015199000015854836,0.015468000434339046,0.01449500024318695,0.014791999943554401,0.014791999943554401,332144179
2021-08-15,0.014805000275373459,0.015216999687254429,0.013883000239729881,0.014774000272154808,0.014774000272154808,294577748
2021-08-16,0.014759999699890614,0.015259999781847,0.014003000222146511,0.014282000251114368,0.014282000251114368,286516186
2021-08-17,0.014236999675631523,0.014624999836087227,0.01269300002604723,0.012946000322699547,0.012946000322699547,303767724
2021-08-18,0.012920999899506569,0.013794999569654465,0.012263000011444092,0.013042000122368336,0.013042000122368336,270860783
2021-08-19,0.012993999756872654,0.013881999999284744,0.012418000027537346,0.013807999901473522,0.013807999901473522,269256724
2021-08-20,0.013798999600112438,0.014888999983668327,0.013729000464081764,0.01451599970459938,0.01451599970459938,282565813
2021-08-21,0.014507999643683434,0.014557000249624252,0.013713999651372433,0.013811999931931496,0.013811999931931496,244705449
2021-08-22,0.01382800005376339,0.015096000395715237,0.01380200032144785,0.014171999879181385,0.014171999879181385,300480229
2021-08-23,0.014166999608278275,0.0147299999371171,0.014041000045835972,0.014155999757349491,0.014155999757349491,262645007
2021-08-24,0.014162000268697739,0.01484300009906292,0.013232000172138214,0.013349000364542007,0.013349000364542007,328351612
2021-08-25,0.013352000154554844,0.013855000026524067,0.012814999558031559,0.013729000464081764,0.013729000464081764,230297462
2021-08-26,0.013743000105023384,0.013861999846994877,0.012494999915361404,0.012652999721467495,0.012652999721467495,209002643
2021-08-27,0.012637999840080738,0.013403000310063362,0.012051999568939209,0.013340000063180923,0.013340000063180923,212581708
2021-08-28,0.013341999612748623,0.014531999826431274,0.012999000027775764,0.01437199953943491,0.01437199953943491,361151341
2021-08-29,0.01437199953943491,0.014492000453174114,0.013735000044107437,0.013911999762058258,0.013911999762058258,218220952
2021-08-30,0.013918999582529068,0.014019999653100967,0.013101999647915363,0.013182000257074833,0.013182000257074833,201091444
2021-08-31,0.013206000439822674,0.013857999816536903,0.01297099981456995,0.01333799958229065,0.01333799958229065,187881976
2021-09-01,0.013309000059962273,0.014127999544143677,0.01307899970561266,0.013915999792516232,0.013915999792516232,223283537
2021-09-02,0.013913000002503395,0.016714999452233315,0.013813000172376633,0.016277000308036804,0.016277000308036804,632004010
2021-09-03,0.016287999227643013,0.016627000644803047,0.015123999677598476,0.01549800019711256,0.01549800019711256,424763459
2021-09-04,0.01550500001758337,0.015960000455379486,0.014777000062167645,0.015104999765753746,0.015104999765753746,314389522
2021-09-05,0.01510000042617321,0.016683999449014664,0.014925000257790089,0.01635099947452545,0.01635099947452545,438689255
2021-09-06,0.016380999237298965,0.016618000343441963,0.014317000284790993,0.015409000217914581,0.015409000217914581,361702310
2021-09-07,0.015421000309288502,0.015758000314235687,0.010866999626159668,0.012653999961912632,0.012653999961912632,490606489
2021-09-08,0.012652000412344933,0.013213999569416046,0.011278999969363213,0.012865999713540077,0.012865999713540077,357109118
2021-09-09,0.012833000160753727,0.013524999842047691,0.012655000202357769,0.012922000139951706,0.012922000139951706,291804700
2021-09-10,0.012915999628603458,0.013280999846756458,0.011903000064194202,0.012380000203847885,0.012380000203847885,256853043
2021-09-11,0.012354999780654907,0.012803999707102776,0.012218000367283821,0.01248599961400032,0.01248599961400032,206549537
2021-09-12,0.012476000003516674,0.01322100032120943,0.012125999666750431,0.012690000236034393,0.012690000236034393,228147493
2021-09-13,0.012715999968349934,0.012791000306606293,0.011788999661803246,0.012143000029027462,0.012143000029027462,208953933
2021-09-14,0.012159000150859356,0.012559999711811543,0.012002999894320965,0.012509999796748161,0.012509999796748161,177632833
2021-09-15,0.012515000067651272,0.013001999817788601,0.012419000267982483,0.012767000123858452,0.012767000123858452,174863452
2021-09-16,0.012753999792039394,0.012868000194430351,0.012113000266253948,0.012365000322461128,0.012365000322461128,148436292
2021-09-17,0.012362999841570854,0.01258699968457222,0.0119439996778965,0.012118999846279621,0.012118999846279621,181749642
2021-09-18,0.012121000327169895,0.01296599954366684,0.011943000368773937,0.012399000115692616,0.012399000115692616,241969340
2021-09-19,0.012411000207066536,0.012577000074088573,0.011908000335097313,0.01208100002259016,0.01208100002259016,184230820
2021-09-20,0.012091999873518944,0.012091999873518944,0.010081999935209751,0.010339999571442604,0.010339999571442604,242486104
2021-09-21,0.010395999997854233,0.010994999669492245,0.009550999850034714,0.009751000441610813,0.009751000441610813,201473272
2021-09-22,0.009758999571204185,0.011378999799489975,0.00962899997830391,0.01127300038933754,0.01127300038933754,212979892
2021-09-23,0.011276000179350376,0.011455999687314034,0.010847999714314938,0.011158999986946583,0.011158999986946583,177248477
2021-09-24,0.011165999807417393,0.011177999898791313,0.009731000289320946,0.01037800032645464,0.01037800032645464,201742845
2021-09-25,0.010375999845564365,0.010532000102102757,0.009990000165998936,0.010085999965667725,0.010085999965667725,133189229
2021-09-26,0.010084000416100025,0.010254000313580036,0.009366000071167946,0.010010999627411366,0.010010999627411366,151338635
2021-09-27,0.01003200002014637,0.010394999757409096,0.00974700041115284,0.00976600032299757,0.00976600032299757,127966622
2021-09-28,0.009762000292539597,0.009968000464141369,0.009467000141739845,0.009479999542236328,0.009479999542236328,118497112
2021-09-29,0.009503999724984169,0.010107000358402729,0.009511999785900116,0.009716000407934189,0.009716000407934189,114100081
2021-09-30,0.009707000106573105,0.010041000321507454,0.00966699980199337,0.01003399956971407,0.01003399956971407,105034526
2021-10-01,0.010041000321507454,0.011026999913156033,0.009957999922335148,0.010923000052571297,0.010923000052571297,175327909
2021-10-02,0.010913999751210213,0.011249000206589699,0.010617000050842762,0.01090800017118454,0.01090800017118454,151284542
2021-10-03,0.010892000049352646,0.012395000085234642,0.01070799957960844,0.011873999610543251,0.011873999610543251,275363599
2021-10-04,0.011885000392794609,0.012027000077068806,0.01097199972718954,0.011424999684095383,0.011424999684095383,285861199
2021-10-05,0.011451000347733498,0.01322800014168024,0.011388000100851059,0.012411000207066536,0.012411000207066536,453617342
2021-10-06,0.012396000325679779,0.012788999825716019,0.011614999733865261,0.012184999883174896,0.012184999883174896,364929425
2021-10-07,0.012171000242233276,0.012404000386595726,0.011749999597668648,0.011834999546408653,0.011834999546408653,261340040
2021-10-08,0.011845000088214874,0.012312999926507473,0.011621999554336071,0.011766999959945679,0.011766999959945679,206435125
2021-10-09,0.011753000319004059,0.01269800029695034,0.011638999916613102,0.012076999992132187,0.012076999992132187,284886252
2021-10-10,0.012085000053048134,0.012306000106036663,0.011427000164985657,0.011491999961435795,0.011491999961435795,165794501
2021-10-11,0.011475999839603901,0.012024999596178532,0.011214000172913074,0.011525999754667282,0.011525999754667282,175389659
2021-10-12,0.011522999964654446,0.011614999733865261,0.010692999698221684,0.011358999647200108,0.011358999647200108,200799729
2021-10-13,0.011385000310838223,0.011646999977529049,0.011052999645471573,0.011474999599158764,0.011474999599158764,177783137
2021-10-14,0.011475999839603901,0.01195599976927042,0.011315000243484974,0.011377999559044838,0.011377999559044838,156751060
2021-10-15,0.011392000131309032,0.011583000421524048,0.011020000092685223,0.011312000453472137,0.011312000453472137,213385714
2021-10-16,0.011327000334858894,0.011889000423252583,0.011246999725699425,0.011487999930977821,0.011487999930977821,195049014
2021-10-17,0.01148299966007471,0.012250999920070171,0.011246000416576862,0.011540999636054039,0.011540999636054039,336152619
2021-10-18,0.011540999636054039,0.011845000088214874,0.011247999966144562,0.011402999982237816,0.011402999982237816,216113794
2021-10-19,0.011402999982237816,0.011521999724209309,0.011241000145673752,0.011331000365316868,0.011331000365316868,129891318
2021-10-20,0.011331000365316868,0.01217699982225895,0.011242999695241451,0.01197499968111515,0.01197499968111515,214023643
2021-10-21,0.012001999653875828,0.012652000412344933,0.011633999645709991,0.011806000024080276,0.011806000024080276,247077273
2021-10-22,0.011807000264525414,0.012419999577105045,0.01166599988937378,0.011895000003278255,0.011895000003278255,202371678
2021-10-23,0.011893000453710556,0.012036999687552452,0.011722000315785408,0.011877000331878662,0.011877000331878662,111144577
2021-10-24,0.011878999881446362,0.011900999583303928,0.01126800011843443,0.011481000110507011,0.011481000110507011,127735450
2021-10-25,0.011486000381410122,0.012036999687552452,0.011439000256359577,0.011893000453710556,0.011893000453710556,146282298
2021-10-26,0.011892000213265419,0.014507000334560871,0.011877000331878662,0.014297000132501125,0.014297000132501125,580596566
2021-10-27,0.014227000065147877,0.014922999776899815,0.011493000201880932,0.012698999606072903,0.012698999606072903,608276328
2021-10-28,0.012748000212013721,0.013705000281333923,0.012377000413835049,0.012672999873757362,0.012672999873757362,336314192
2021-10-29,0.012655000202357769,0.013573000207543373,0.012587999925017357,0.013394000008702278,0.013394000008702278,258394263
2021-10-30,0.013392000459134579,0.014204000122845173,0.012729999609291553,0.013105000369250774,0.013105000369250774,304836457
2021-10-31,0.013105000369250774,0.019223999232053757,0.012795999646186829,0.017378000542521477,0.017378000542521477,1366688691
2021-11-01,0.017318999394774437,0.01811400055885315,0.015344000421464443,0.01619799993932247,0.01619799993932247,589021586
2021-11-02,0.01619900017976761,0.018312999978661537,0.015982000157237053,0.017223000526428223,0.017223000526428223,505549434
2021-11-03,0.017247000709176064,0.020560000091791153,0.015870999544858932,0.019220000132918358,0.019220000132918358,732186476
2021-11-04,0.01945899985730648,0.020919999107718468,0.0177800003439188,0.018528999760746956,0.018528999760746956,667330332
2021-11-05,0.01854199916124344,0.01952500082552433,0.017266999930143356,0.0176829993724823,0.0176829993724823,327557594
2021-11-06,0.017650000751018524,0.018931999802589417,0.0168830007314682,0.018369000405073166,0.018369000405073166,338697968
2021-11-07,0.01837499998509884,0.019123999401926994,0.01801300048828125,0.018285000696778297,0.018285000696778297,229544619
2021-11-08,0.018442999571561813,0.019074000418186188,0.017645999789237976,0.018420999869704247,0.018420999869704247,311838199
2021-11-09,0.018417000770568848,0.01896600052714348,0.01797799952328205,0.018485000357031822,0.018485000357031822,254596218
2021-11-10,0.018518999218940735,0.01941699907183647,0.015588000416755676,0.017163999378681183,0.017163999378681183,481913840
2021-11-11,0.017162000760436058,0.01817299984395504,0.01676500029861927,0.017568999901413918,0.017568999901413918,296689386
2021-11-12,0.017517000436782837,0.01770400069653988,0.016161000356078148,0.016912000253796577,0.016912000253796577,242645594
2021-11-13,0.016905000433325768,0.017311999574303627,0.01669500023126602,0.016932999715209007,0.016932999715209007,172804827
2021-11-14,0.016923999413847923,0.017331000417470932,0.01641100086271763,0.016777999699115753,0.016777999699115753,178256249
2021-11-15,0.016791999340057373,0.017965000122785568,0.016791999340057373,0.01700500026345253,0.01700500026345253,297735949
2021-11-16,0.01707099936902523,0.01707099936902523,0.014484000392258167,0.015863999724388123,0.015863999724388123,287578450
2021-11-17,0.015860000625252724,0.01614600047469139,0.015440000221133232,0.015799999237060547,0.015799999237060547,164341614
2021-11-18,0.01580199971795082,0.015998000279068947,0.01357599999755621,0.014713999815285206,0.014713999815285206,274240619
2021-11-19,0.014686999842524529,0.016495000571012497,0.014379000291228294,0.016057999804615974,0.016057999804615974,334336566
2021-11-20,0.0160520002245903,0.0177800003439188,0.01576099917292595,0.017159000039100647,0.017159000039100647,376473256
2021-11-21,0.017159000039100647,0.018528999760746956,0.01685900054872036,0.0175819993019104,0.0175819993019104,386463926
2021-11-22,0.017575999721884727,0.01760699972510338,0.01621999964118004,0.016529999673366547,0.016529999673366547,233603889
2021-11-23,0.016550999134778976,0.018295999616384506,0.015860000625252724,0.017704999074339867,0.017704999074339867,414461045
2021-11-24,0.017753999680280685,0.018136000260710716,0.01654599979519844,0.01706000044941902,0.01706000044941902,414975865
2021-11-25,0.016901999711990356,0.01769700087606907,0.016665000468492508,0.01707799918949604,0.01707799918949604,319601965
2021-11-26,0.01754000037908554,0.01772099919617176,0.014986000023782253,0.015193000435829163,0.015193000435829163,272824227
2021-11-27,0.01525299996137619,0.01622300036251545,0.015203000046312809,0.015552000142633915,0.015552000142633915,174421958
2021-11-28,0.015571000054478645,0.015786999836564064,0.014236999675631523,0.015735000371932983,0.015735000371932983,228354390
2021-11-29,0.015742000192403793,0.015985000878572464,0.015287999995052814,0.015692999586462975,0.015692999586462975,191705714
2021-11-30,0.015704000368714333,0.016157999634742737,0.015021000057458878,0.015333999879658222,0.015333999879658222,267391580
2021-12-01,0.015304000116884708,0.015652000904083252,0.014955000020563602,0.015124999918043613,0.015124999918043613,190139101
2021-12-02,0.015110000036656857,0.015134000219404697,0.014627999626100063,0.01473699975758791,0.01473699975758791,161000458
2021-12-03,0.014762000180780888,0.015348000451922417,0.013447999954223633,0.014143000356853008,0.014143000356853008,210259381
2021-12-04,0.014194999821484089,0.014194999821484089,0.007930999621748924,0.013000000268220901,0.013000000268220901,481290281
2021-12-05,0.013000000268220901,0.013558000326156616,0.011270999908447266,0.011896999552845955,0.011896999552845955,234458184
2021-12-06,0.011916999705135822,0.012381000444293022,0.010685999877750874,0.012338000349700451,0.012338000349700451,266235229
2021-12-07,0.012353000231087208,0.013439999893307686,0.012005000375211239,0.012241999618709087,0.012241999618709087,242398323
2021-12-08,0.012210000306367874,0.01299699954688549,0.0118429996073246,0.012507000006735325,0.012507000006735325,228574593
2021-12-09,0.012505999766290188,0.012600000016391277,0.011350000277161598,0.011354999616742134,0.011354999616742134,182254352
2021-12-10,0.011355999857187271,0.011850000359117985,0.010684999637305737,0.010754000395536423,0.010754000395536423,145719175
2021-12-11,0.010773000307381153,0.011247999966144562,0.010515999980270863,0.011101000010967255,0.011101000010967255,146419261
2021-12-12,0.011088999919593334,0.011378999799489975,0.010778999887406826,0.011136000044643879,0.011136000044643879,135312739
2021-12-13,0.011137999594211578,0.011202000081539154,0.009673000313341618,0.00993799977004528,0.00993799977004528,176361785
2021-12-14,0.009941999800503254,0.010459000244736671,0.009758000262081623,0.009948999620974064,0.009948999620974064,143245568
2021-12-15,0.01029600016772747,0.011056000366806984,0.00963599979877472,0.010529999621212482,0.010529999621212482,231769915
2021-12-16,0.010538999922573566,0.010642999783158302,0.00994499959051609,0.009968000464141369,0.009968000464141369,155895180
2021-12-17,0.009982000105082989,0.010205999948084354,0.009217999875545502,0.009517000056803226,0.009517000056803226,190537402
2021-12-18,0.00951599981635809,0.009827000088989735,0.009348999708890915,0.00964299961924553,0.00964299961924553,124062054
2021-12-19,0.009643999859690666,0.01001800037920475,0.009341999888420105,0.009554999880492687,0.009554999880492687,175583147
2021-12-20,0.00955200009047985,0.010149000212550163,0.00876499991863966,0.009889000095427036,0.009889000095427036,268171513
2021-12-21,0.00989999994635582,0.01068700011819601,0.009781000204384327,0.010463999584317207,0.010463999584317207,253567419
2021-12-22,0.01046799961477518,0.01105200033634901,0.01040900032967329,0.010487000457942486,0.010487000457942486,154717246
2021-12-23,0.010506999678909779,0.011277999728918076,0.010273999534547329,0.011102999560534954,0.011102999560534954,185310474
2021-12-24,0.011099999770522118,0.011865000240504742,0.010885000228881836,0.011048000305891037,0.011048000305891037,205357056
2021-12-25,0.011067000217735767,0.011238999664783478,0.010948999784886837,0.011099999770522118,0.011099999770522118,126633950
2021-12-26,0.011101000010967255,0.011296999640762806,0.010754000395536423,0.011127999983727932,0.011127999983727932,118180710
2021-12-27,0.011141999624669552,0.011370999738574028,0.010889999568462372,0.010924000293016434,0.010924000293016434,139282504
2021-12-28,0.010944000445306301,0.010944000445306301,0.009746000170707703,0.009833999909460545,0.009833999909460545,163516579
2021-12-29,0.009856999851763248,0.010205999948084354,0.00938900001347065,0.009457999840378761,0.009457999840378761,135455864
2021-12-30,0.009471000172197819,0.00965999998152256,0.00926399976015091,0.009399999864399433,0.009399999864399433,118744324
2021-12-31,0.009399999864399433,0.009584999643266201,0.0090549997985363,0.00927099958062172,0.00927099958062172,128124727
2022-01-01,0.00927099958062172,0.009428000077605247,0.009235999546945095,0.00940799992531538,0.00940799992531538,83484550
2022-01-02,0.009410000406205654,0.009554999880492687,0.009335000067949295,0.009459000080823898,0.009459000080823898,100688854
2022-01-03,0.009457999840378761,0.009461999870836735,0.009227000176906586,0.00930699985474348,0.00930699985474348,102871449
2022-01-04,0.00930699985474348,0.009506000205874443,0.009147999808192253,0.009194999933242798,0.009194999933242798,113867451
2022-01-05,0.009196000173687935,0.00948300026357174,0.008258000016212463,0.008647000417113304,0.008647000417113304,164082027
2022-01-06,0.008646000176668167,0.008646000176668167,0.00829199980944395,0.008475000038743019,0.008475000038743019,119096795
2022-01-07,0.008473999798297882,0.008483000099658966,0.007867000065743923,0.007935999892652035,0.007935999892652035,116504674
2022-01-08,0.007934999652206898,0.008090999908745289,0.007329999934881926,0.007567000109702349,0.007567000109702349,104037202
2022-01-09,0.007565000094473362,0.007911000400781631,0.007445999886840582,0.007710999809205532,0.007710999809205532,91042370
2022-01-10,0.007708000019192696,0.007794000208377838,0.007081000134348869,0.007340000011026859,0.007340000011026859,86351114
2022-01-11,0.007340000011026859,0.007683000061661005,0.007306000217795372,0.007656000088900328,0.007656000088900328,81328224
2022-01-12,0.007656000088900328,0.00824199989438057,0.0076430002227425575,0.008163999766111374,0.008163999766111374,105715118
2022-01-13,0.008165000006556511,0.008218999952077866,0.007644999772310257,0.007658000104129314,0.007658000104129314,97132263
2022-01-14,0.007658000104129314,0.00800000037997961,0.007513999938964844,0.007953999564051628,0.007953999564051628,95056829
2022-01-15,0.007952000014483929,0.008035999722778797,0.007782000117003918,0.007906000129878521,0.007906000129878521,76083387
2022-01-16,0.007906000129878521,0.008063999935984612,0.007853000424802303,0.007996000349521637,0.007996000349521637,83176575
2022-01-17,0.0079950001090765,0.008027000352740288,0.007404999807476997,0.007507000118494034,0.007507000118494034,71562910
2022-01-18,0.0075079998932778835,0.007544999942183495,0.007249999791383743,0.007433000020682812,0.007433000020682812,59330039
2022-01-19,0.007431999780237675,0.007447999902069569,0.00710600009188056,0.007174000144004822,0.007174000144004822,55146906
2022-01-20,0.007174000144004822,0.00737700005993247,0.006816000211983919,0.006819999776780605,0.006819999776780605,40310113
2022-01-21,0.006819999776780605,0.006899999920278788,0.005733000114560127,0.0058189998380839825,0.0058189998380839825,92950795
2022-01-22,0.005822000093758106,0.005917999893426895,0.004954000003635883,0.005470000207424164,0.005470000207424164,114113621
2022-01-23,0.0054709999822080135,0.0059460001066327095,0.005450999829918146,0.005714000202715397,0.005714000202715397,76272999
2022-01-24,0.005714999977499247,0.005890000145882368,0.0051009999588131905,0.00571999978274107,0.00571999978274107,97000393
2022-01-25,0.00571999978274107,0.005789000075310469,0.0054350001737475395,0.005487999878823757,0.005487999878823757,79244219
2022-01-26,0.005489000119268894,0.006146000232547522,0.005433000158518553,0.0056779999285936356,0.0056779999285936356,105577116
2022-01-27,0.005675999913364649,0.005727999843657017,0.005406999960541725,0.00558000011369586,0.00558000011369586,67968125
2022-01-28,0.00558099988847971,0.005754000041633844,0.005468999966979027,0.005714999977499247,0.005714999977499247,58381182
2022-01-29,0.005714999977499247,0.005948000121861696,0.00571200018748641,0.005863000173121691,0.005863000173121691,63397237
2022-01-30,0.0058650001883506775,0.005942999850958586,0.005656000226736069,0.005696000065654516,0.005696000065654516,57550241
2022-01-31,0.005696000065654516,0.005789000075310469,0.005491999909281731,0.005768999923020601,0.005768999923020601,51370927
2022-02-01,0.0057680001482367516,0.005894999951124191,0.005760999862104654,0.005791999865323305,0.005791999865323305,52643392
2022-02-02,0.005791999865323305,0.005822999868541956,0.005439999978989363,0.00546099990606308,0.00546099990606308,56322799
2022-02-03,0.005458000116050243,0.005545999854803085,0.005396000109612942,0.005545999854803085,0.005545999854803085,45509409
2022-02-04,0.005545000080019236,0.0061240000650286674,0.005524999927729368,0.006120999809354544,0.006120999809354544,74483731
2022-02-05,0.0061240000650286674,0.0066109998151659966,0.00609700009226799,0.006279999855905771,0.006279999855905771,97776136
2022-02-06,0.006279999855905771,0.006552000064402819,0.006140000186860561,0.006544000003486872,0.006544000003486872,85123846
2022-02-07,0.0065449997782707214,0.007530000060796738,0.006446000188589096,0.007168999873101711,0.007168999873101711,212674271
2022-02-08,0.007170000113546848,0.007761000189930201,0.006905000191181898,0.007176999934017658,0.007176999934017658,209881715
2022-02-09,0.0071749999187886715,0.007459000218659639,0.007096000015735626,0.007242000196129084,0.007242000196129084,101471158
2022-02-10,0.007242999970912933,0.0073979999870061874,0.0068720001727342606,0.007009000051766634,0.007009000051766634,143228038
2022-02-11,0.007009999826550484,0.007110000122338533,0.006219999864697456,0.006328999996185303,0.006328999996185303,113425070
2022-02-12,0.006328999996185303,0.006461999844759703,0.006099000107496977,0.006252000108361244,0.006252000108361244,88463323
2022-02-13,0.006252000108361244,0.006364000029861927,0.006051000207662582,0.006153999827802181,0.006153999827802181,91575456
2022-02-14,0.0061519998125731945,0.006173999980092049,0.005938999820500612,0.00611699977889657,0.00611699977889657,64503673
2022-02-15,0.00611699977889657,0.006574000231921673,0.00611699977889657,0.006560000125318766,0.006560000125318766,77977574
2022-02-16,0.006560000125318766,0.0067889997735619545,0.0063390000723302364,0.00658900011330843,0.00658900011330843,98586435
2022-02-17,0.006585999857634306,0.006651999894529581,0.006058999802917242,0.006128000095486641,0.006128000095486641,90277279
2022-02-18,0.006128999870270491,0.006771999876946211,0.00609799986705184,0.0062779998406767845,0.0062779998406767845,186497313
2022-02-19,0.006277000065892935,0.006424999795854092,0.006060000043362379,0.006186000071465969,0.006186000071465969,71551615
2022-02-20,0.0061889998614788055,0.0061889998614788055,0.005747999995946884,0.0058639999479055405,0.0058639999479055405,65781265
2022-02-21,0.005863000173121691,0.006140000186860561,0.005367000121623278,0.005367000121623278,0.005367000121623278,90153644
2022-02-22,0.005365999881178141,0.005534000229090452,0.005148000083863735,0.005518000107258558,0.005518000107258558,82655363
2022-02-23,0.005518999882042408,0.005729000084102154,0.005311000160872936,0.005313000176101923,0.005313000176101923,69766619
2022-02-24,0.0053090001456439495,0.0054259998723864555,0.004641000181436539,0.005237000063061714,0.005237000063061714,147277480
2022-02-25,0.005239000078290701,0.005576000083237886,0.005193999968469143,0.005518999882042408,0.005518999882042408,83361989
2022-02-26,0.005518999882042408,0.005661000031977892,0.0053969998843967915,0.005421999841928482,0.005421999841928482,55559309
2022-02-27,0.005421999841928482,0.005561999976634979,0.005160999950021505,0.0051910001784563065,0.0051910001784563065,63718410
2022-02-28,0.005189999938011169,0.005861999932676554,0.005148999858647585,0.005861000157892704,0.005861000157892704,76862955
2022-03-01,0.0058639999479055405,0.006072999909520149,0.005803999956697226,0.005950000137090683,0.005950000137090683,107418979
2022-03-02,0.005948000121861696,0.006012000143527985,0.005611000116914511,0.005677000153809786,0.005677000153809786,77992951
2022-03-03,0.0056779999285936356,0.005714000202715397,0.0054339999333024025,0.005508000031113625,0.005508000031113625,62597988
2022-03-04,0.005508000031113625,0.005547000095248222,0.005164000205695629,0.0052280002273619175,0.0052280002273619175,68059870
2022-03-05,0.005229999776929617,0.005410000216215849,0.005133999977260828,0.005382999777793884,0.005382999777793884,47046414
2022-03-06,0.005382999777793884,0.005520999897271395,0.005198999773710966,0.00523399980738759,0.00523399980738759,71441759
2022-03-07,0.005231000017374754,0.005388000048696995,0.005073000211268663,0.005142000038176775,0.005142000038176775,78135762
2022-03-08,0.005142000038176775,0.005291000008583069,0.0051380000077188015,0.005210000090301037,0.005210000090301037,50224731
2022-03-09,0.005204999819397926,0.005458000116050243,0.005193000193685293,0.005386999808251858,0.005386999808251858,72584500
2022-03-10,0.005386999808251858,0.005394000094383955,0.0050650001503527164,0.005102999974042177,0.005102999974042177,58652185
2022-03-11,0.005102999974042177,0.005179999861866236,0.005009999964386225,0.005009999964386225,0.005009999964386225,55770532
2022-03-12,0.005009999964386225,0.005102999974042177,0.005009000189602375,0.005016000010073185,0.005016000010073185,32919551
2022-03-13,0.0050130002200603485,0.00508899986743927,0.00482999999076128,0.004856000188738108,0.004856000188738108,44107850
2022-03-14,0.004854000173509121,0.005036000162363052,0.004805999808013439,0.0050200000405311584,0.0050200000405311584,43915862
2022-03-15,0.0050200000405311584,0.005231000017374754,0.0048489999026060104,0.00508899986743927,0.00508899986743927,72408849
2022-03-16,0.0050860000774264336,0.005274000111967325,0.005045999772846699,0.005268000066280365,0.005268000066280365,81813370
2022-03-17,0.005268000066280365,0.005274999886751175,0.005109999794512987,0.005119999870657921,0.005119999870657921,56679222
2022-03-18,0.005119999870657921,0.005259000230580568,0.0050039999186992645,0.005189999938011169,0.005189999938011169,61067579
2022-03-19,0.005189999938011169,0.006027999799698591,0.005179000087082386,0.005929999984800816,0.005929999984800816,234759824
2022-03-20,0.005929000210016966,0.005944000091403723,0.0053519997745752335,0.0054419999942183495,0.0054419999942183495,141675448
2022-03-21,0.0054419999942183495,0.005654999986290932,0.005412000231444836,0.005528999958187342,0.005528999958187342,95756296
2022-03-22,0.005526999942958355,0.005795000120997429,0.005501000210642815,0.005661000031977892,0.005661000031977892,91413224
2022-03-23,0.005661000031977892,0.005876000039279461,0.005559000186622143,0.00587099976837635,0.00587099976837635,80699572
2022-03-24,0.005869999993592501,0.006792000029236078,0.005834999959915876,0.006674999836832285,0.006674999836832285,354547452
2022-03-25,0.006674999836832285,0.00672700023278594,0.0061690001748502254,0.006297000218182802,0.006297000218182802,145276778
2022-03-26,0.0062950002029538155,0.00648800004273653,0.006275000050663948,0.006453000009059906,0.006453000009059906,66448389
2022-03-27,0.006453000009059906,0.009057000279426575,0.006438000127673149,0.00871300045400858,0.00871300045400858,779298119
2022-03-28,0.008720999583601952,0.00904299970716238,0.007865999825298786,0.007884999737143517,0.007884999737143517,450525225
2022-03-29,0.007879000157117844,0.008329999633133411,0.007648000027984381,0.007809000089764595,0.007809000089764595,198268170
2022-03-30,0.007807999849319458,0.008604999631643295,0.007584999781101942,0.008147000335156918,0.008147000335156918,270120292
2022-03-31,0.00814600009471178,0.008886000141501427,0.007830999791622162,0.008112999610602856,0.008112999610602856,307986028
2022-04-01,0.00811500009149313,0.008565999567508698,0.007797999773174524,0.008255000226199627,0.008255000226199627,213124963
2022-04-02,0.00825599953532219,0.008549000136554241,0.008086999878287315,0.008088000118732452,0.008088000118732452,152992402
2022-04-03,0.008088000118732452,0.008940000087022781,0.00791999977082014,0.008655999787151814,0.008655999787151814,236326380
2022-04-04,0.008654999546706676,0.008801000192761421,0.0079950001090765,0.008306000381708145,0.008306000381708145,225600372
2022-04-05,0.008306000381708145,0.008425000123679638,0.007911999709904194,0.007921000011265278,0.007921000011265278,126453880
2022-04-06,0.00791999977082014,0.00791999977082014,0.007052000146359205,0.007052999921143055,0.007052999921143055,183626126
2022-04-07,0.0070569999516010284,0.0074350000359117985,0.006994000170379877,0.0073990002274513245,0.0073990002274513245,104439356
2022-04-08,0.0073979999870061874,0.007439999841153622,0.006657000165432692,0.006697000004351139,0.006697000004351139,118674463
2022-04-09,0.006694000214338303,0.006821999792009592,0.00659599993377924,0.006806999910622835,0.006806999910622835,77042560
2022-04-10,0.006804999895393848,0.006901000160723925,0.006558000110089779,0.0066269999369978905,0.0066269999369978905,86432515
2022-04-11,0.006624000146985054,0.006624000146985054,0.005803000181913376,0.005915000103414059,0.005915000103414059,116136055
2022-04-12,0.005917999893426895,0.0064500002190470695,0.005917999893426895,0.006302999798208475,0.006302999798208475,125618590
2022-04-13,0.006304999813437462,0.006515000015497208,0.006192000117152929,0.006477000191807747,0.006477000191807747,87968148
2022-04-14,0.006477000191807747,0.006583999842405319,0.006215999834239483,0.006271999794989824,0.006271999794989824,74338097
2022-04-15,0.006271999794989824,0.006461000069975853,0.00621700007468462,0.006341999862343073,0.006341999862343073,50458494
2022-04-16,0.006341999862343073,0.006395000033080578,0.006231000181287527,0.006306000053882599,0.006306000053882599,37576292
2022-04-17,0.006306000053882599,0.006366000045090914,0.006033000070601702,0.0060640000738203526,0.0060640000738203526,46794033
2022-04-18,0.006066000089049339,0.006304999813437462,0.00583899999037385,0.006300999782979488,0.006300999782979488,81644087
2022-04-19,0.006300000008195639,0.006519999820739031,0.006231000181287527,0.006438000127673149,0.006438000127673149,75254454
2022-04-20,0.006438999902456999,0.006556000094860792,0.006215000059455633,0.006302999798208475,0.006302999798208475,96604125
2022-04-21,0.006302999798208475,0.006515999790281057,0.006049999967217445,0.0061039999127388,0.0061039999127388,107263591
2022-04-22,0.006101999897509813,0.006302999798208475,0.006074000149965286,0.006113999988883734,0.006113999988883734,77684365
2022-04-23,0.006113999988883734,0.006146000232547522,0.005994000006467104,0.006014999933540821,0.006014999933540821,49444702
2022-04-24,0.006014000158756971,0.006076999939978123,0.005886000115424395,0.005915999878197908,0.005915999878197908,43975990
2022-04-25,0.005915999878197908,0.0059369998052716255,0.005504000000655651,0.005929000210016966,0.005929000210016966,77499553
2022-04-26,0.005929000210016966,0.006115000229328871,0.005483999848365784,0.005528000183403492,0.005528000183403492,75404512
2022-04-27,0.005528000183403492,0.005768999923020601,0.0054720002226531506,0.005679000169038773,0.005679000169038773,56736943
2022-04-28,0.0056779999285936356,0.005754000041633844,0.005535999778658152,0.005578000098466873,0.005578000098466873,59559855
2022-04-29,0.005576999858021736,0.005601999815553427,0.005284000188112259,0.005326999817043543,0.005326999817043543,51972742
2022-04-30,0.00532899983227253,0.005572000052779913,0.004916999954730272,0.005005999933928251,0.005005999933928251,65535434
2022-05-01,0.005005999933928251,0.005348999984562397,0.004931999836117029,0.005289999768137932,0.005289999768137932,60221127
2022-05-02,0.005289999768137932,0.0053449999541044235,0.00506300013512373,0.005177999846637249,0.005177999846637249,53167845
2022-05-03,0.005177999846637249,0.005512999836355448,0.005104000214487314,0.005171999800950289,0.005171999800950289,63802796
2022-05-04,0.005171999800950289,0.005716000217944384,0.005171999800950289,0.005646000150591135,0.005646000150591135,76708318
2022-05-05,0.005646999925374985,0.005704000126570463,0.005032000131905079,0.005158999934792519,0.005158999934792519,73870246
2022-05-06,0.005158999934792519,0.005241000093519688,0.005022999830543995,0.005212000105530024,0.005212000105530024,57615597
2022-05-07,0.005212000105530024,0.00521499989554286,0.004904000088572502,0.005034999921917915,0.005034999921917915,43633409
2022-05-08,0.005036000162363052,0.005036000162363052,0.004867999814450741,0.004883000161498785,0.004883000161498785,53083749
2022-05-09,0.004883000161498785,0.0049959998577833176,0.00430000014603138,0.0043830000795423985,0.0043830000795423985,74956492
2022-05-10,0.004375999793410301,0.004931999836117029,0.0042409999296069145,0.004676999989897013,0.004676999989897013,78250155
2022-05-11,0.004674999974668026,0.004724999889731407,0.0032790000550448895,0.0034360000863671303,0.0034360000863671303,104513282
2022-05-12,0.0034360000863671303,0.0036299999337643385,0.002696000039577484,0.0030670000705868006,0.0030670000705868006,102989585
2022-05-13,0.0030640000477433205,0.003938000183552504,0.003046999918296933,0.0035069999285042286,0.0035069999285042286,79393768
2022-05-14,0.0035059999208897352,0.003667999990284443,0.0032210000790655613,0.0035429999697953463,0.0035429999697953463,59729588
2022-05-15,0.0035459999926388264,0.0035910001024603844,0.0033420000690966845,0.0035729999653995037,0.0035729999653995037,51205602
2022-05-16,0.0035719999577850103,0.003576999995857477,0.0033080000430345535,0.003346000099554658,0.003346000099554658,38193968
2022-05-17,0.003346000099554658,0.003530000103637576,0.0033229999244213104,0.003470000112429261,0.003470000112429261,40530043
2022-05-18,0.003470000112429261,0.003478999948129058,0.003223000094294548,0.0032259998843073845,0.0032259998843073845,39865428
2022-05-19,0.0032259998843073845,0.0034050000831484795,0.0031840000301599503,0.0033309999853372574,0.0033309999853372574,40178978
2022-05-20,0.0033309999853372574,0.003364000003784895,0.003137999912723899,0.003198999911546707,0.003198999911546707,43201623
2022-05-21,0.003198999911546707,0.003341000061482191,0.003155000042170286,0.003269999986514449,0.003269999986514449,33135572
2022-05-22,0.0032740000169724226,0.0033809999004006386,0.003229999914765358,0.0033730000723153353,0.0033730000723153353,32221783
2022-05-23,0.0033730000723153353,0.003496000077575445,0.0032399999909102917,0.003249000059440732,0.003249000059440732,47232610
2022-05-24,0.0032500000670552254,0.003378000110387802,0.003163000103086233,0.0033420000690966845,0.0033420000690966845,41334183
2022-05-25,0.0033420000690966845,0.003384999930858612,0.003223000094294548,0.0032289999071508646,0.0032289999071508646,34511274
2022-05-26,0.0032279998995363712,0.003280000062659383,0.002966000000014901,0.0030129998922348022,0.0030129998922348022,41024480
2022-05-27,0.0030129998922348022,0.003063000040128827,0.0029039999935775995,0.0029219998978078365,0.0029219998978078365,34836419
2022-05-28,0.0029430000577121973,0.003014999907463789,0.0028929999098181725,0.002988999942317605,0.002988999942317605,24165384
2022-05-29,0.0029899999499320984,0.0030799999367445707,0.0029559999238699675,0.0030700000934302807,0.0030700000934302807,25437295
2022-05-30,0.0030700000934302807,0.003323999932035804,0.0030479999259114265,0.003317000111564994,0.003317000111564994,37162922
2022-05-31,0.003317000111564994,0.003920999821275473,0.0032339999452233315,0.003748999908566475,0.003748999908566475,121064389
2022-06-01,0.003748999908566475,0.003794000018388033,0.0031320000998675823,0.0031880000606179237,0.0031880000606179237,76191717
2022-06-02,0.0031880000606179237,0.0034580000210553408,0.0031709999311715364,0.003447999944910407,0.003447999944910407,55195650
2022-06-03,0.003447999944910407,0.0034620000515133142,0.0031820000149309635,0.0032629999332129955,0.0032629999332129955,39086187
2022-06-04,0.0032629999332129955,0.0033539999276399612,0.0031930000986903906,0.003323999932035804,0.003323999932035804,28689130
2022-06-05,0.003324999939650297,0.0033660000190138817,0.003249000059440732,0.0033179998863488436,0.0033179998863488436,22313694
2022-06-06,0.0033179998863488436,0.003488000016659498,0.003286000108346343,0.0033809999004006386,0.0033809999004006386,36877574
2022-06-07,0.003379999892786145,0.0033839999232441187,0.003169999923557043,0.0032059999648481607,0.0032059999648481607,34743840
2022-06-08,0.0032049999572336674,0.0032560001127421856,0.003134000115096569,0.0031429999507963657,0.0031429999507963657,32754882
2022-06-09,0.003140999935567379,0.0031880000606179237,0.003137999912723899,0.0031479999888688326,0.0031479999888688326,34446058
2022-06-10,0.0031479999888688326,0.0031500000040978193,0.002962999977171421,0.002962999977171421,0.002962999977171421,36387829
2022-06-11,0.0029639999847859144,0.003046999918296933,0.002750999992713332,0.0028150000143796206,0.0028150000143796206,32294280
2022-06-12,0.002816000021994114,0.0028490000404417515,0.0026110000908374786,0.0026660000439733267,0.0026660000439733267,33867768
2022-06-13,0.00266400002874434,0.002876000013202429,0.0024339999072253704,0.0025949999690055847,0.0025949999690055847,63678379
2022-06-14,0.002595999976620078,0.002724000019952655,0.0024580000899732113,0.0026779999025166035,0.0026779999025166035,41809697
2022-06-15,0.0026779999025166035,0.00279300007969141,0.0024590000975877047,0.00279300007969141,0.00279300007969141,47560130
2022-06-16,0.0027940000873059034,0.002831999910995364,0.0025450000539422035,0.0025730000343173742,0.0025730000343173742,34914609
2022-06-17,0.0025730000343173742,0.0026920000091195107,0.002566999988630414,0.0026829999405890703,0.0026829999405890703,24292494
2022-06-18,0.002681999932974577,0.0027129999361932278,0.0023769999388605356,0.0025029999669641256,0.0025029999669641256,30382097
2022-06-19,0.0025019999593496323,0.002686999971047044,0.0024270000867545605,0.002644000109285116,0.002644000109285116,31924060
2022-06-20,0.002644999884068966,0.0027620000764727592,0.0025629999581724405,0.0027089999057352543,0.0027089999057352543,39142538
2022-06-21,0.0027089999057352543,0.003111999947577715,0.0026740001048892736,0.0029319999739527702,0.0029319999739527702,63366810
2022-06-22,0.0029319999739527702,0.0029360000044107437,0.0027119999285787344,0.0027119999285787344,0.0027119999285787344,38361711
2022-06-23,0.0027119999285787344,0.0029559999238699675,0.002707999898120761,0.002937000012025237,0.002937000012025237,32768521
2022-06-24,0.0029360000044107437,0.003063000040128827,0.002911000046879053,0.0030189999379217625,0.0030189999379217625,34406531
2022-06-25,0.0030189999379217625,0.0031049998942762613,0.002940000034868717,0.003089000005275011,0.003089000005275011,31127989
2022-06-26,0.003089000005275011,0.003186000045388937,0.0029100000392645597,0.0029100000392645597,0.0029100000392645597,33698721
2022-06-27,0.0029100000392645597,0.00304599991068244,0.0029100000392645597,0.002939000027254224,0.002939000027254224,29183144
2022-06-28,0.002937000012025237,0.003005000064149499,0.0028200000524520874,0.002831999910995364,0.002831999910995364,36401663
2022-06-29,0.002831999910995364,0.0028729999903589487,0.0027749999426305294,0.0028019999153912067,0.0028019999153912067,25638321
2022-06-30,0.0028039999306201935,0.0028150000143796206,0.0025710000190883875,0.0027030000928789377,0.0027030000928789377,29666175
2022-07-01,0.0027030000928789377,0.002778999973088503,0.0026229999493807554,0.0026229999493807554,0.0026229999493807554,26561426
2022-07-02,0.002624999964609742,0.0026650000363588333,0.0025839998852461576,0.002641000086441636,0.002641000086441636,17710187
2022-07-03,0.002641000086441636,0.0026859999634325504,0.0026050000451505184,0.0026579999830573797,0.0026579999830573797,19962899
2022-07-04,0.0026579999830573797,0.0027890000492334366,0.0026100000832229853,0.002781999995931983,0.002781999995931983,26953505
2022-07-05,0.0027809999883174896,0.002795000094920397,0.0026360000483691692,0.0027199999894946814,0.0027199999894946814,30613149
2022-07-06,0.0027199999894946814,0.0027630000840872526,0.002696000039577484,0.0027360001113265753,0.0027360001113265753,24575149
2022-07-07,0.0027360001113265753,0.0028389999642968178,0.0027169999666512012,0.0028089999686926603,0.0028089999686926603,31640596
2022-07-08,0.0028089999686926603,0.0028729999903589487,0.0027149999514222145,0.002747999969869852,0.002747999969869852,29785044
2022-07-09,0.002747999969869852,0.0028389999642968178,0.0027409999165683985,0.0028119999915361404,0.0028119999915361404,25995944
2022-07-10,0.002810999983921647,0.002810999983921647,0.0026599999982863665,0.0026680000592023134,0.0026680000592023134,23646657
2022-07-11,0.0026680000592023134,0.0026680000592023134,0.0025019999593496323,0.002515000058338046,0.002515000058338046,22296757
2022-07-12,0.002515000058338046,0.0025579999200999737,0.0024900001008063555,0.002492999890819192,0.002492999890819192,21578099
2022-07-13,0.002492999890819192,0.002561999950557947,0.0024129999801516533,0.00254400004632771,0.00254400004632771,27921341
2022-07-14,0.00254400004632771,0.0026519999373704195,0.0024949999060481787,0.002621999941766262,0.002621999941766262,30600624
2022-07-15,0.002621999941766262,0.0026700000744313,0.0025839998852461576,0.002604000037536025,0.002604000037536025,25963949
2022-07-16,0.0026050000451505184,0.002681999932974577,0.0025730000343173742,0.0026599999982863665,0.0026599999982863665,21695156
2022-07-17,0.0026599999982863665,0.00279000005684793,0.0026279999874532223,0.0026710000820457935,0.0026710000820457935,43872835
2022-07-18,0.0026710000820457935,0.002848000032827258,0.0026710000820457935,0.002848000032827258,0.002848000032827258,42355137
2022-07-19,0.002845000009983778,0.003000000026077032,0.0027779999654740095,0.002950000111013651,0.002950000111013651,67648078
2022-07-20,0.002950000111013651,0.003065000055357814,0.0027290000580251217,0.002749999985098839,0.002749999985098839,56099496
2022-07-21,0.002749999985098839,0.0028039999306201935,0.002669000066816807,0.00279600010253489,0.00279600010253489,39196435
2022-07-22,0.00279600010253489,0.002882000058889389,0.0027119999285787344,0.002722000004723668,0.002722000004723668,33713175
2022-07-23,0.0027209999971091747,0.0027779999654740095,0.0026680000592023134,0.002742999931797385,0.002742999931797385,27863012
2022-07-24,0.002742999931797385,0.0027759999502450228,0.0027260000351816416,0.0027310000732541084,0.0027310000732541084,21510481
2022-07-25,0.0027310000732541084,0.0027310000732541084,0.0025400000158697367,0.00254100002348423,0.00254100002348423,28268989
2022-07-26,0.0025400000158697367,0.0025889999233186245,0.0025059999898076057,0.0025889999233186245,0.0025889999233186245,23776124
2022-07-27,0.002587999915704131,0.0026940000243484974,0.002546000061556697,0.0026859999634325504,0.0026859999634325504,36807126
2022-07-28,0.002686999971047044,0.0028570001013576984,0.0026390000712126493,0.0027970001101493835,0.0027970001101493835,44629877
2022-07-29,0.0027989998925477266,0.002879000036045909,0.0027389999013394117,0.002816000021994114,0.002816000021994114,37419894
2022-07-30,0.002816000021994114,0.003031000029295683,0.0028089999686926603,0.002856000093743205,0.002856000093743205,48088835
2022-07-31,0.002856000093743205,0.003071000101044774,0.0028490000404417515,0.002894999925047159,0.002894999925047159,48790851
2022-08-01,0.002893999917432666,0.00304599991068244,0.0028899998869746923,0.0030350000597536564,0.0030350000597536564,45087704
2022-08-02,0.003034000052139163,0.0030610000248998404,0.0028639999218285084,0.0029090000316500664,0.0029090000316500664,44000394
2022-08-03,0.0029090000316500664,0.003197999903932214,0.002830999903380871,0.0031389999203383923,0.0031389999203383923,73348092
2022-08-04,0.0031399999279528856,0.003223000094294548,0.002982999896630645,0.0030330000445246696,0.0030330000445246696,68731004
2022-08-05,0.0030330000445246696,0.003756999969482422,0.003031000029295683,0.003722999943420291,0.003722999943420291,146760847
2022-08-06,0.003722999943420291,0.003722999943420291,0.003352999920025468,0.003355999942868948,0.003355999942868948,76702812
2022-08-07,0.003355999942868948,0.003459000028669834,0.003312000073492527,0.003406000090762973,0.003406000090762973,49980742
2022-08-08,0.003406000090762973,0.003504999913275242,0.003404000075533986,0.0034169999416917562,0.0034169999416917562,42687381
2022-08-09,0.0034179999493062496,0.003470999887213111,0.003143999958410859,0.003191000083461404,0.003191000083461404,43197452
2022-08-10,0.003192000091075897,0.003346000099554658,0.003114999970421195,0.0033229999244213104,0.0033229999244213104,39375834
2022-08-11,0.003323999932035804,0.003369000041857362,0.0032679999712854624,0.003280000062659383,0.003280000062659383,29005852
2022-08-12,0.0032790000550448895,0.003338000038638711,0.0032369999680668116,0.0033340000081807375,0.0033340000081807375,25855100
2022-08-13,0.0033340000081807375,0.0033839999232441187,0.00329799996688962,0.0033080000430345535,0.0033080000430345535,22221812
2022-08-14,0.0033080000430345535,0.0034489999525249004,0.0032870001159608364,0.0033579999580979347,0.0033579999580979347,40427749
2022-08-15,0.0033579999580979347,0.003640000009909272,0.0033489998895674944,0.0035260000731796026,0.0035260000731796026,113344336
2022-08-16,0.0035250000655651093,0.0035719999577850103,0.003379999892786145,0.0034099998883903027,0.0034099998883903027,46084640
2022-08-17,0.0034099998883903027,0.003495000069960952,0.003186000045388937,0.003194000106304884,0.003194000106304884,40862170
2022-08-18,0.0031950001139193773,0.003280000062659383,0.00304200011305511,0.0030429998878389597,0.0030429998878389597,29739355
2022-08-19,0.0030429998878389597,0.0030499999411404133,0.002836999949067831,0.0028440000023692846,0.0028440000023692846,41275146
2022-08-20,0.002845000009983778,0.0029170000925660133,0.002747999969869852,0.0027979998849332333,0.0027979998849332333,26131237
2022-08-21,0.0027970001101493835,0.002911000046879053,0.002788000041618943,0.002879000036045909,0.002879000036045909,19665916
2022-08-22,0.0028800000436604023,0.002882000058889389,0.002732000080868602,0.0028470000252127647,0.0028470000252127647,22713218
2022-08-23,0.0028470000252127647,0.002885000081732869,0.002788000041618943,0.0028780000284314156,0.0028780000284314156,23762626
2022-08-24,0.0028780000284314156,0.0029380000196397305,0.002831999910995364,0.002865999937057495,0.002865999937057495,24027848
2022-08-25,0.002865999937057495,0.002920999890193343,0.0028550000861287117,0.0028909998945891857,0.0028909998945891857,23591725
2022-08-26,0.0028909998945891857,0.0029090000316500664,0.002669000066816807,0.002686999971047044,0.002686999971047044,29624283
2022-08-27,0.002686999971047044,0.0027179999742656946,0.0026420000940561295,0.0026950000319629908,0.0026950000319629908,18571473
2022-08-28,0.0026940000243484974,0.0027340000960975885,0.002624999964609742,0.002624999964609742,0.002624999964609742,18611242
2022-08-29,0.0026259999722242355,0.002785000018775463,0.0026100000832229853,0.002781999995931983,0.002781999995931983,19498562
2022-08-30,0.002781999995931983,0.0028170000296086073,0.002701000077649951,0.002750999992713332,0.002750999992713332,22923676
2022-08-31,0.002750999992713332,0.0028329999186098576,0.0027280000504106283,0.002735000103712082,0.002735000103712082,21480690
2022-09-01,0.002735000103712082,0.002749999985098839,0.0026660000439733267,0.0027119999285787344,0.0027119999285787344,19392021
2022-09-02,0.0027119999285787344,0.002733000088483095,0.00266400002874434,0.00267999991774559,0.00267999991774559,20706070
2022-09-03,0.0026809999253600836,0.002718999981880188,0.00266400002874434,0.002704000100493431,0.002704000100493431,14341258
2022-09-04,0.0027050001081079245,0.0029780000913888216,0.0026970000471919775,0.002845000009983778,0.002845000009983778,55082045
2022-09-05,0.002845000009983778,0.002850000048056245,0.0027089999057352543,0.0027439999394118786,0.0027439999394118786,37013402
2022-09-06,0.002744999947026372,0.0027920000720769167,0.0025239998940378428,0.0025239998940378428,0.0025239998940378428,43920948
2022-09-07,0.0025239998940378428,0.0026740001048892736,0.0025130000431090593,0.0026579999830573797,0.0026579999830573797,34218352
2022-09-08,0.0026579999830573797,0.002684999955818057,0.002607000060379505,0.002647999906912446,0.002647999906912446,31887629
2022-09-09,0.002647999906912446,0.0028379999566823244,0.002643000101670623,0.002839999971911311,0.002839999971911311,43406292
2022-09-10,0.002839999971911311,0.0029219998978078365,0.002814000006765127,0.0028470000252127647,0.0028470000252127647,38786497
2022-09-11,0.002845000009983778,0.0028699999675154686,0.0027719999197870493,0.0028029999230057,0.0028029999230057,27565300
2022-09-12,0.0028039999306201935,0.00303900009021163,0.002770999912172556,0.002862999914214015,0.002862999914214015,66698243
2022-09-13,0.002862999914214015,0.002985999919474125,0.0027290000580251217,0.002753000007942319,0.002753000007942319,65090798
2022-09-14,0.0027379998937249184,0.002764000091701746,0.002669000066816807,0.0027409999165683985,0.0027409999165683985,38224694
2022-09-15,0.0027409999165683985,0.0027620000764727592,0.0026660000439733267,0.002686999971047044,0.002686999971047044,34111801
2022-09-16,0.002686999971047044,0.002741999924182892,0.002669000066816807,0.0027340000960975885,0.0027340000960975885,32062171
2022-09-17,0.0027340000960975885,0.0028440000023692846,0.002733000088483095,0.002841999987140298,0.002841999987140298,27273985
2022-09-18,0.002841999987140298,0.002867999952286482,0.0026390000712126493,0.002641000086441636,0.002641000086441636,31961266
2022-09-19,0.0026420000940561295,0.002710999920964241,0.0025909999385476112,0.0026970000471919775,0.0026970000471919775,31184681
2022-09-20,0.002698000054806471,0.002724000019952655,0.0026700000744313,0.0026740001048892736,0.0026740001048892736,32200769
2022-09-21,0.0026740001048892736,0.00278700003400445,0.0026360000483691692,0.0026740001048892736,0.0026740001048892736,38641011
2022-09-22,0.0026740001048892736,0.002831999910995364,0.0026599999982863665,0.002824000082910061,0.002824000082910061,31759689
2022-09-23,0.002824000082910061,0.0028719999827444553,0.0027439999394118786,0.0028589998837560415,0.0028589998837560415,36750469
2022-09-24,0.0028589998837560415,0.002901999978348613,0.0027890000492334366,0.00279600010253489,0.00279600010253489,34591602
2022-09-25,0.00279600010253489,0.0028359999414533377,0.002747999969869852,0.0027630000840872526,0.0027630000840872526,25620013
2022-09-26,0.0027630000840872526,0.00279600010253489,0.002715999959036708,0.002804999938234687,0.002804999938234687,30275312
2022-09-27,0.002804999938234687,0.0028880001045763493,0.002768999896943569,0.00279300007969141,0.00279300007969141,33536272
2022-09-28,0.00279300007969141,0.002785000018775463,0.0027089999057352543,0.0027630000840872526,0.0027630000840872526,29805370
2022-09-29,0.0027630000840872526,0.0028170000296086073,0.0027540000155568123,0.002816000021994114,0.002816000021994114,28359804
2022-09-30,0.002816000021994114,0.0028429999947547913,0.002778999973088503,0.0028200000524520874,0.0028200000524520874,28867677
2022-10-01,0.0028200000524520874,0.002848000032827258,0.0028089999686926603,0.0028200000524520874,0.0028200000524520874,21783116
2022-10-02,0.0028200000524520874,0.0028280001133680344,0.002704000100493431,0.002715999959036708,0.002715999959036708,27856282
2022-10-03,0.0027169999666512012,0.002749999985098839,0.0027030000928789377,0.002742999931797385,0.002742999931797385,25492420
2022-10-04,0.002742999931797385,0.0027600000612437725,0.0027290000580251217,0.0027439999394118786,0.0027439999394118786,24910716
2022-10-05,0.0027439999394118786,0.0027580000460147858,0.0027260000351816416,0.0027550000231713057,0.0027550000231713057,22715470
2022-10-06,0.0027550000231713057,0.0027749999426305294,0.002756000030785799,0.0027650000993162394,0.0027650000993162394,24947683
2022-10-07,0.0027650000993162394,0.0027809999883174896,0.002736999886110425,0.0027570000384002924,0.0027570000384002924,21204147
2022-10-08,0.0027570000384002924,0.002768999896943569,0.002730000065639615,0.0027389999013394117,0.0027389999013394117,17545794
2022-10-09,0.0027389999013394117,0.0027749999426305294,0.0027389999013394117,0.0027620000764727592,0.0027620000764727592,16714338
